﻿<?xml version="1.0" encoding="utf-8"?>
<ScriptExport xmlns:xsi="http://www.w3.org/2001/XMLSchema-instance" xmlns:xsd="http://www.w3.org/2001/XMLSchema" xmlns="http://www.kaseya.com/vsa/2008/12/Scripting">
  <Folder name="Install BEST (BitDefender)" treePres="3">
    <Procedure name="Install BitDefender" treePres="3" id="816082469" folderId="591842892529369" treeFullPath="Kaseya Automation Team.Install BEST (BitDefender)">
      <Body description="">
        <Statement name="GetVariable" continueOnFail="false">
          <Parameter xsi:type="EnumParameter" name="VariableType" value="AgentTempSystemDirectory" />
          <Parameter xsi:type="StringParameter" name="SourceContent" value="" />
          <Parameter xsi:type="StringParameter" name="VariableName" value="ktemp" />
        </Statement>
        <Statement name="GetVariable" continueOnFail="false">
          <Parameter xsi:type="EnumParameter" name="VariableType" value="ConstantValue" />
          <Parameter xsi:type="StringParameter" name="SourceContent" value="aHR0cHM6Ly9jbG91ZC1lY3MuZ3Jhdml0eXpvbmUuYml0ZGVmZW5kZXIuY29tL1BhY2thZ2VzL0JTVFdJTi8wL2lFQ0lCbC9pbnN0YWxsZXIueG1sP2xhbmc9ZW4tVVM=" />
          <Parameter xsi:type="StringParameter" name="VariableName" value="bdString" />
        </Statement>
        <Statement name="WriteDirectory" continueOnFail="false">
          <Parameter xsi:type="StringParameter" name="Path" value="#ktemp#\BEST" />
          <Parameter xsi:type="StringParameter" name="SourceDirectory" value="VSASharedFiles\BEST\" />
          <Parameter xsi:type="StringParameter" name="Param3" value="NoShow" />
        </Statement>
        <If description="">
          <Condition name="TestFile">
            <Parameter xsi:type="StringParameter" name="Path" value="#ktemp#\BEST\eps_installer_signed.msi" />
            <Parameter xsi:type="EnumParameter" name="Condition" value="Exists" />
            <Parameter xsi:type="StringParameter" name="Value" value="" />
          </Condition>
          <Then>
            <Statement name="ExecuteShellCommand" continueOnFail="false">
              <Parameter xsi:type="StringParameter" name="Command" value="msiexec /i #ktemp#\BEST\eps_installer_signed.msi /qn GZ_PACKAGE_ID=#bdString# REBOOT_IF_NEEDED=TRUE" />
              <Parameter xsi:type="EnumParameter" name="ExecuteAccount" value="System" />
              <Parameter xsi:type="BooleanParameter" name="Is64Bit" value="False" />
            </Statement>
          </Then>
          <Else>
            <Statement name="WriteScriptLogEntry" continueOnFail="false">
              <Parameter xsi:type="StringParameter" name="Comment" value="the files failed to download." />
            </Statement>
          </Else>
        </If>
      </Body>
    </Procedure>
  </Folder>
</ScriptExport>